,Unnamed: 0,text,label,pred
0,0,cÃ³ cÃ¡i ngu nÃ o báº±ng cÃ¡i ngu nÃ y?? lÃ m viá»‡c thÃ¬ cÅ©ng pháº£i cÃ³ chá»«ng má»±c thÃ´i!,CÃ´ng kÃ­ch,ThÃ¹ ghÃ©t
1,1,"Táº¡i ká»‰ nÄƒng xáº¡o loz cá»§a tháº§y tÄƒng lÃªn , nÃªn há»c sinh chÄƒm chá»‰ hÆ¡n Ã¡ tháº§y ğŸ˜",ThÃ¹ ghÃ©t,ThÃ¹ ghÃ©t
2,2,tá»• cha nhÃ  máº¥y tháº±ng quáº£n lÃ½ vá»›i báº£o kÃª ngu nhÆ° con lá»£n ! Ä‘Ã£ biáº¿t thá»ƒ tráº¡ng cá»§a cÃ¡c em Ã½ Ä‘á»u lÃ  nÆ°á»›c nÃ´i ráº¥t Ã­t mÃ  láº¡i ko chá»‹u cáº£nh giÃ¡c váº¥n Ä‘á» cá»§i lá»­a .,ThÃ¹ ghÃ©t,ThÃ¹ ghÃ©t
3,3,Con naÌ€y sao maÌ€ mÃ¢Ìt daÌ£y quaÌ,ThÃ¹ ghÃ©t,ThÃ¹ ghÃ©t
4,4,"""Ä‘áº­p quÃ¡n xong rá»“i cÃ²n pháº£i Ä‘Ã¢p chá»§ quÃ¡n cho cháº¿t máº¹ nÃ³ di""",ThÃ¹ ghÃ©t,ThÃ¹ ghÃ©t
5,5,ChÃ¡n,CÃ´ng kÃ­ch,BÃ¬nh thÆ°á»ng
6,6,Táº I DÃ‚N THÃCH LÃ€M NÃ” Lá»† .CHÆ¯A THÃCH LÃ€M NGÆ¯á»œI .Ã”NG TRá»œI CHO Tá»° DO QUYáº¾T Äá»ŠNH .Táº I SAO KHÃ”NG CHá»ŠU LÃ€M NGÆ¯á»œI MÃ€ LÃ€M CHÃ“ GIá»® CHáº¾ Äá»˜ CSVN,ThÃ¹ ghÃ©t,ThÃ¹ ghÃ©t
7,7,"Hmm, Trá»i Ä‘Ã£ sinh ra Tuáº¥n táº¡i sao cÃ²n sinh ra Tiá»‡p :( haizzz",ThÃ¹ ghÃ©t,BÃ¬nh thÆ°á»ng
8,8,"""Ä‘á»«ng bao_giá» Ä‘Ã¡nh_giÃ¡ sai ngÆ°á»i khÃ¡c qua váº» bá»_ngoÃ i Ä‘á»«ng bao_giá» kháº³ng_Ä‘á»‹nh má»™t Ä‘iá»u gÃ¬ Ä‘Ã³ khi chÆ°a biáº¿t Ä‘Ãºng sai Ä‘á»«ng bao_giá» Ä‘á»ƒ Ä‘á»“ng_tiá»n Ä‘i trÆ°á»›c nhÃ¢n_cÃ¡ch báº£n_thÃ¢n tuy khÃ´ng giÃ u cÅ©ng cháº³ng pháº£i nghÃ¨o nÃªn chá»‰ cáº§n khÃ´ng sá»‘ng sai Ä‘á»ƒ lÃ²ng khÃ´ng há»•_tháº¹n""",BÃ¬nh thÆ°á»ng,BÃ¬nh thÆ°á»ng
9,9,"""Ä‘inh_huy tao Ä‘em nhá»¯ng nÆ°á»›c phÃ¡t_triá»ƒn trong khu_vá»±c kg cs cho máº§y noi gÆ°Æ¡ng mÃ  há»c máº§y cÃ²n Ä‘ang há»­Æ¡i Ä‘á»‹ch há» Ä‘Ã³ mÃ  quÃ¢n_chá»§ láº­p_hiáº¿n cÃ²n so vá»›i phÆ°Æ¡ng tÃ¢y náº±m_mÆ¡ Ä‘i tháº±ng Ä‘áº§u cáº·c Ã³c chÃ³ má»›i lÃ  cs sÃ¡ng cÃ¡i miáº¿ng thá»‹t trÃ¢u náº±m giá»¯a hai Ä‘Ã¹i mÃ¡ máº§y Ä‘Ã³ há»c ngÆ°á»i_ta cÃ¡ch Ä‘á»u hÃ nh Ä‘áº¥t_nÆ°á»›c kinh_táº¿ tháº¿_nÃ o mÃ  phÃ¡t_triá»ƒn hÆ¡n máº§y vÃ  Ä‘á»i_sá»‘ng ngÆ°á»i dÃ¢n há» tá»‘t hÆ¡n máº§y nhiá»u váº­y cÃ²n thá»ƒ_cháº¿ chá»‰ lÃ  hÃ¬nh_thá»©c máº§y ngu háº¿t pháº§n chÃ³_mÃ¡ máº§y sinh ra Ä‘á»‘ng cá»©t bÃ³n cÃ¢y cÃ²n cÃ³ giÃ¡_trá»‹ hÆ¡n sinh ra máº§y cá»© Äƒn cá»©t cs Ä‘áº¿n háº¿t_Ä‘á»i Ä‘i con chÃ³ sá»‘ng ngu thÃ¬ cháº¿t ngu thÃ´i""",ThÃ¹ ghÃ©t,ThÃ¹ ghÃ©t
10,10,sena cÅ©ng cÃ³ cÃ³ tuá»•i nhÆ°ng tiuooir lÃ´n,ThÃ¹ ghÃ©t,CÃ´ng kÃ­ch
11,11,Ä‘áº¿n cá»©c tÃ´i cÃ²n nhÃ¬n láº§n cuá»‘i rá»“i xáº£ nÆ°á»›c chá»© nhÆ° bá»n hÃ n quáº¯c Ä‘Ã©o bh xem phim,ThÃ¹ ghÃ©t,CÃ´ng kÃ­ch
12,12,"""báº£o nv vtvtravel thá»­ chÆ¡i láº§n xem khÃ¡ch_hÃ ng cÃ³ tráº§m_trá»“ vtvtravel dat""",BÃ¬nh thÆ°á»ng,BÃ¬nh thÆ°á»ng
13,13,"Khu Ä‘áº·c trá»‹ cá»§a tÃ u, nÃ³ muá»‘n lÃ m cmg thÃ¬ ká»‡ cha nÃ³. Máº¥y bÃ¡c cá»© thÃ­ch Ã½ kiáº¿n Ã½ cÃ².. :'(",ThÃ¹ ghÃ©t,ThÃ¹ ghÃ©t
14,14,Trung thu thá»i nay chá»‰ cho cÃ¡c cáº·p tÃ¬nh nhÃ¢n chá»› khÃ´ng cÃ²n dÃ nh cho thiáº¿u nhi :)),BÃ¬nh thÆ°á»ng,BÃ¬nh thÆ°á»ng
15,15,Ná»™i Ä‘á»‹a nÃ³ lá»™t cÃ¡i quáº§n xÃ¬ lÃ m Ä‘Ã©o j :)),CÃ´ng kÃ­ch,CÃ´ng kÃ­ch
16,16,CHá»Š BA VÃ€NG NGá»ŒC cÃ³ cÃ¢y ná»c giá»¯a hÃ¡ng,ThÃ¹ ghÃ©t,ThÃ¹ ghÃ©t
17,17,"""bá»›t sá»§a mÃ  hÃ£y hÃ nh_Ä‘á»™ng Ä‘i""",ThÃ¹ ghÃ©t,CÃ´ng kÃ­ch
18,18,"Cáº£ cÃ¡i tháº±ng mÃ¡u lá»“n ad ná»¯a, dáº¡o nÃ y cá»© Ä‘Äƒng máº¥y cÃ¡i nháº£m lá»“n, Ä‘ thÃ­ch mua há»™p cÆ¡m 200.000 thÃ¬ vÃ¨ nhÃ  cáº¯m con máº¹ m cÆ¡m mÃ  Äƒn, Ä‘i xÄƒm xoi cÃ¡i lá»“n Ã½ Ã ",ThÃ¹ ghÃ©t,ThÃ¹ ghÃ©t
19,19,"""lÃ m_Äƒn lÃ£i vl""",CÃ´ng kÃ­ch,BÃ¬nh thÆ°á»ng
20,20,"nghÃ¨o khá»• cÃ³ giuÌp  gÃ¬ Ä‘Æ°Æ¡Ì£c  ngÆ°Æ¡Ì€i  ta k mÃ  Ä‘Ã o má»“ cuá»‘c máº£ há»™ váº­y? Ã¡c nghiá»‡p ,kháº©u nghiá»‡p mÃ y",ThÃ¹ ghÃ©t,ThÃ¹ ghÃ©t
21,21,Gá»i lÃ  pháº£n Ä‘á»™ng ba que thÃ¬ lÃ´i máº¥y cÃ¡i áº£nh cá»§a Vá»‹t Táº§n ra chá»‘i :)) xong bÃ¢y h lÃ´i máº«y cÃ¡i hÃ¬nh ra diá»…u cá»£t trong khi biá»ƒn sá»‘ xanh lÃ  xe nhÆ° tháº¿ nÃ o Ä‘Æ°á»£c Æ°u tiÃªn nhÆ° tháº¿ nÃ o cÅ©ng Ä‘Ã©o biáº¿t :)) ngu vcl,CÃ´ng kÃ­ch,ThÃ¹ ghÃ©t
22,22,"an noi nhu cuc, mat nhu thu vat",ThÃ¹ ghÃ©t,ThÃ¹ ghÃ©t
23,23,"""tem bá»¥i to the group rao váº·t quáº£ng_bÃ¬nh quáº£ng_trá»‹ thá»«a_thiÃªn huáº¿ báº¥t_Ä‘á»™ng_sáº£n miá»n trung nhanh lÃ´ Ä‘áº¥t máº·t_tiá»n cuá»‘i_cÃ¹ng ngay chÃ¢n cáº§u nháº­t lá»‡ tÃ­ch ngang báº¯c_sá»Ÿ háº¡_táº§ng phÃ¡t_triá»ƒn thuáº­n_tiá»‡n cho viá»‡c xÃ¢y_dá»±ng nhÃ  kinh_doanh resort khÃ¡ch_sáº¡n nhÃ _hÃ ng vÄƒn_phÃ²ng giao_dá»‹ch sÆ¡ phÃ¡p_lÃ­ Ä‘áº§y_Ä‘á»§ trá»£ vay vá»‘n lÃªn Ä‘áº¿n giÃ¡_trá»‹ há»‡ nhanh Ä‘á»ƒ sá»Ÿ_há»¯u""",BÃ¬nh thÆ°á»ng,BÃ¬nh thÆ°á»ng
24,24,:)) t bÃªn nÃ y t cÃ²n dell giÃ¡m dÃ¹ng tien mÃ  s chj 3 xaolol vay nhÃ  toÃ n trÃ£ gÃ³p sÅ«a cl :))),ThÃ¹ ghÃ©t,ThÃ¹ ghÃ©t
25,25,"Ã´ nhiá»…m á»Ÿ cÃ¡i thÃ nh phá»‘ HÃ´i Cháº¿t Máº¹ thÃ¬ nÃ³ báº£o lÃ  sÆ°Æ¡ng mÃ¹ xuáº¥t hiá»‡n Ä‘áº¹p nhÆ° ÄÃ  Láº¡t thá»© hai, cÃ²n á»Ÿ HÃ  Ná»™i cháº¯c Ä‘áº¹p nhÆ° Sapa, á» thÃ¬ ÄÃ  Láº¡t vá»›i Sapa nhÃ©",ThÃ¹ ghÃ©t,ThÃ¹ ghÃ©t
26,26,TrÆ°á»ng chÃ¡n cháº£ muá»‘n nÃ³i,BÃ¬nh thÆ°á»ng,CÃ´ng kÃ­ch
27,27,"""uÃ´ng linh kinh vl""",CÃ´ng kÃ­ch,CÃ´ng kÃ­ch
28,28,"""tháº­t_ra thÃ¬ khi ra Ä‘Æ°á»ng thiáº¿u pháº¥n cÅ©ng Ä‘Æ°á»£c thiáº¿u gÃ¬ cung Ä‘Æ°á»£c chá»© Ä‘á»«ng thiáº¿u son nhÃ©""",BÃ¬nh thÆ°á»ng,BÃ¬nh thÆ°á»ng
29,29,Loáº¡i mÃ y trÆ°á»›c sau gÃ¬ trá»i cÅ©ng Ä‘Ã¡nh mÃ y,ThÃ¹ ghÃ©t,ThÃ¹ ghÃ©t
30,30,"""Ä‘m nhÃ¬u khi bá»©t xÃºc vl""",CÃ´ng kÃ­ch,CÃ´ng kÃ­ch
31,31,Xin há»i nhÃ  tiÃªn tri.sau Ä‘á»£t dá»‹ch nÃ y bá»n 3/// liá»‡u cÃ³ bá»‹ tiá»‡t chá»§ng khÃ´ng,ThÃ¹ ghÃ©t,ThÃ¹ ghÃ©t
32,32,ChÆ°Æ¡ng trÃ¬nh quáº£ng cÃ¡o xin Ä‘c báº¯t Ä‘áº§u,BÃ¬nh thÆ°á»ng,BÃ¬nh thÆ°á»ng
33,33,nhÆ° tháº±ng bá»‡nh,CÃ´ng kÃ­ch,ThÃ¹ ghÃ©t
34,34,Ad ngu nhÆ° 1 con chÃ³....xh nÆ°á»›c nÃ o mÃ  ko cÃ³ cÆ°á»›p giáº­t.....cháº³ng qua lÃ  kÃ©o giáº£m chá»© lÃ m cc j háº¿t tuyá»‡t Ä‘á»‘i.....mÃ y Äƒn cá»©c nÃªn nÃ£o mÃ y ko phÃ¡t triá»ƒn háº£ ad!!!,ThÃ¹ ghÃ©t,ThÃ¹ ghÃ©t
35,35,"á»œ ká»‡, dÄƒm ba kg thá»‹t heo. ğŸ¤£ğŸ˜‚ğŸ¤£ğŸ˜‚",BÃ¬nh thÆ°á»ng,BÃ¬nh thÆ°á»ng
36,36,Ko giá»‘ng con giÃ¡p nÃ o,CÃ´ng kÃ­ch,ThÃ¹ ghÃ©t
37,37,"Tháº±ng AD nÃ y, mÃ y Ä‘iÃªn Ã ",ThÃ¹ ghÃ©t,ThÃ¹ ghÃ©t
38,38,CÆ°á»i sml,BÃ¬nh thÆ°á»ng,CÃ´ng kÃ­ch
39,39,Chá»‹ ba Ä‘áº¹p gÃ¡i cÃ³ hai hÃ²n dÃ¡i hai bÃªn,ThÃ¹ ghÃ©t,ThÃ¹ ghÃ©t
40,40,"""trá»‹nh_kiá»u dung nhá» ng chá»© cho na_tÃ¡p cÃ³_Äƒn cÃ³_há»c mÃ  nÃ³i nhÆ° con ngu lol rá»©a Ä‘uá»¹""",ThÃ¹ ghÃ©t,ThÃ¹ ghÃ©t
41,41,NgÆ°á»i Báº¯c ká»³ há» cÃ³ khÃ¡i niá»‡m. Hy sinh Ä‘á»i bá»‘ cá»§ng cá»‘ Ä‘á»i con. Äá»¥ng Ä‘áº¿n chÃ©n cÆ¡m nhÃ  nÃ³ mÃ . Cáº§u mong sao nÃ³ Ä‘i sá»›m hÆ¡n.,ThÃ¹ ghÃ©t,ThÃ¹ ghÃ©t
42,42,"""nhung dÆ°Æ¡ng trá»‹nh_huá»‡ trang mÃ¹ng buÃ´n may bÃ¡n Ä‘áº¯t shop xáº£ sáº­p sÃ n giÃ y tÃºi balo kÃ­nh cho cÃ¡c chá»‹ Ä‘áº¹p chuáº©n_bá»‹ du_lá»‹ch mÃ¹a hÃ¨""",BÃ¬nh thÆ°á»ng,BÃ¬nh thÆ°á»ng
43,43,Idol cá»§a tui dá»… cÆ°ng quÃ¡!!!,BÃ¬nh thÆ°á»ng,BÃ¬nh thÆ°á»ng
44,44,Nam ThÃ nh cmt cá»§a Ã´ng kia chá»‰ mang tÃ­nh cháº¥t váº£ vÃ o má»“m máº¥y Ä‘á»©a tá»± nhá»¥c lÃºc nÃ o cÅ©ng nÃ³i nháº­t lÃ  sá»‘ 1 nháº­t lÃ  is the best tá»« Ä‘Ã³ cho ta tháº¥y thÃ¬ nháº­t cÅ©ng cháº³ng pháº£i tá»‘t Ä‘áº¹p láº¯m,CÃ´ng kÃ­ch,ThÃ¹ ghÃ©t
45,45,ToÃ n giÃ¡o Ã¡n lá»§ng mÃ  cá»© dá»±ng lonnn lÃ  sao=)))),CÃ´ng kÃ­ch,ThÃ¹ ghÃ©t
46,46,#VTV1 táº©y chai con Ä‘á»‰ Tráº§n Mu,ThÃ¹ ghÃ©t,ThÃ¹ ghÃ©t
47,47,cháº£nh chÃ³ cÃ¡ch ly mÃ  Ä‘Ã²i phá»¥c vá»¥ nhÆ° vua .nhÃ¬n mÃ  gÃ©t,CÃ´ng kÃ­ch,ThÃ¹ ghÃ©t
48,48,CÃ¡i page nÃ y ráº§n rÃ  rÃ¹i cÅ©ng thÃ nh cÃ¡i á»• pháº£n Ä‘á»™ng thÃ´i...unlike,BÃ¬nh thÆ°á»ng,ThÃ¹ ghÃ©t
49,49,"""bá»­n vcl xÃºc_pháº¡m bá»™ mi ná»‘i vl""",ThÃ¹ ghÃ©t,CÃ´ng kÃ­ch
50,50,vl :)) handsome boy,CÃ´ng kÃ­ch,CÃ´ng kÃ­ch
51,51,"Æ¡, e tÆ°á»Ÿng pháº£i báº±ng nhiá»u vailon chá»© :)))",CÃ´ng kÃ­ch,CÃ´ng kÃ­ch
52,52,"Má»i ngÆ°á»i cá»© yÃªn tÃ¢m á»Ÿ Viá»‡t Nam Covid-19 ráº¥t khÃ³ lÃ¢y, nÃ³ chá»‰ dá»… lÃ¢y khi Ä‘á»©ng Ä‘á»‘i diá»‡n, nÃ³i tháº³ng báº¯n nÆ°á»›c bá»t vÃ o máº·t nhau thÃ´i. MÃ  ngÆ°á»i Viá»‡t láº¡i hay nÃ³i sau lÆ°ng",ThÃ¹ ghÃ©t,ThÃ¹ ghÃ©t
53,53,Khá»‹a pew vl,CÃ´ng kÃ­ch,CÃ´ng kÃ­ch
54,54,Ã”ng noÌi : Ã´ng laÌ€ cÃ´Ì vÃ¢Ìn cuÌ‰a TT Trump  vÃ¢Ì£y trong luÌc diÌ£ch bÃªÌ£nh khoÌ khÄƒn nhÆ° hiÃªÌ£n taÌ£i thiÌ€ Ã´ng laÌ€m Ä‘Æ°Æ¡Ì£c giÌ€ cho ngÆ°Æ¡Ì€i dÃ¢n MyÌƒ ? Hay laÌ€ Ã´ng ngÃ´Ì€i treÌo cÄƒÌ‰ng maÌ€ noÌi doÌc ??,BÃ¬nh thÆ°á»ng,ThÃ¹ ghÃ©t
55,55,"""dm tá»­_hÃ¬nh hÆ¡i phÃ­""",CÃ´ng kÃ­ch,CÃ´ng kÃ­ch
56,56,CÃ¡c bÃ¡c sá»‘ng nhanh vaicutt :(((,CÃ´ng kÃ­ch,BÃ¬nh thÆ°á»ng
57,57,"""chuáº©n máº¹ nÃ³ Ä‘áº¿n lÃºc bá»‹_thá»‹t xong thÃ¬ than_vÃ£n nÃ y_ná» trÃªn Ä‘á»i lÃ m gÃ¬ cÃ³ trai tá»‘t Ä‘Ãºng bá»n Ä‘Ã n_bÃ """,ThÃ¹ ghÃ©t,ThÃ¹ ghÃ©t
58,58,"""huá»³nh_lÃª Ä‘Ã£ bá» zÃ´ rá»“i thÃ¬ khoi ra nha hÃ¢hha""",BÃ¬nh thÆ°á»ng,BÃ¬nh thÆ°á»ng
59,59,á»’. Váº­y cÃ¡i vá»¥ vinashin toÃ n máº¥y Ã´g ngu nhá»‰ğŸ˜? Báº¡n giá»i tháº­t,ThÃ¹ ghÃ©t,ThÃ¹ ghÃ©t
60,60,"""vá» vuÃ²n Ä‘i Ã´ng sÃ³m nghá»‰ Ä‘á»ƒ dÃ¢n Ä‘Ãµ khá»• vÃ¬ phÃ¡t_ngÃ´n ngu nhu Ã´ng""",CÃ´ng kÃ­ch,ThÃ¹ ghÃ©t
61,61,PhÃºc BÃ¡o lÃ m kiá»ƒu ta Ä‘Ã¢y giÃ u Ä‘i chÆ¡i du lá»‹ch qua máº¥y vÃ¹ng dá»‹ch chÆ¡i áº¥y mÃ ,CÃ´ng kÃ­ch,ThÃ¹ ghÃ©t
62,62,"""thanh_niÃªn fa lÃ¢u nÄƒm vÃ  sáº¯p bá»‹ bm Ä‘uá»•i ra khá»i nhÃ  vÃ¬ chÆ°a láº¥y vá»£ chia_sáº» khá»•_thÃ¢n huhu""",BÃ¬nh thÆ°á»ng,BÃ¬nh thÆ°á»ng
63,63,"""cÃ³ cÃ¡i con cáº· dá»—i vl""",CÃ´ng kÃ­ch,CÃ´ng kÃ­ch
64,64,Ngoáº¡i háº¡ng anh toang lun,BÃ¬nh thÆ°á»ng,BÃ¬nh thÆ°á»ng
65,65,"""do thi hanh hi tea food drink mÃ¹a hÃ¨ Ä‘ang dáº§n tá»›i hÃ£y Ä‘áº¿n hitea thÆ°á»Ÿng_thá»©c ngay bÃ¡t tÃ o_phá»› Ä‘áº§y_Ä‘áº·n vÃ  háº¿t_sá»©c tá»±_nhiÃªn vÃ  tÃ¬m ngÆ°á»i_thÆ°Æ¡ng cho mÃ¬nh áº¥p Ä‘á»“n yÃªn trung yÃªn_phong báº¯c ninh ship""",BÃ¬nh thÆ°á»ng,BÃ¬nh thÆ°á»ng
66,66,NÄƒm nay á»Ÿ nhÃ  báº¿ con Ä‘c xem tÃ¡o quÃ¢n lÃ  áº¥m rá»“i ğŸ¥°,BÃ¬nh thÆ°á»ng,BÃ¬nh thÆ°á»ng
67,67,Äáº¥t nÆ°á»›c ta chá»‹u nhiá»u thiá»‡t thÃ²i vÃ¬ tráº£ qua nhiá»u cuá»™c chiáº¿n tranh liÃªn miÃªn,BÃ¬nh thÆ°á»ng,CÃ´ng kÃ­ch
68,68,Äiá»ƒm danh nÃ o :v,BÃ¬nh thÆ°á»ng,BÃ¬nh thÆ°á»ng
69,69,O DOI la vay luc nguoi ta ha Minh van con thi  chuoi nguoi ta cang ngay cang manh Bay  gio no tuc roi no quay Lai no can cang nhieu hon xua   nghe Cho da tai nhaoi nguoi that la  mat the dien cua nguoi vn  Bo tay  ban thieu,CÃ´ng kÃ­ch,ThÃ¹ ghÃ©t
70,70,"""dcm tao ko bÃ­t tráº£ bÃ¡o hay ko mÃ  nghe cÃ¡i miá»‡ng lá»“n cá»§a mÃ y nÃ³i lÃ  tao muá»‘n chá»­i rá»“i con máº·t lá»“n bá»‹ bá»‡nh cÃ²n Ä‘á»•_thá»«a táº¡i ngta má»• xao ko Ä‘á»•_thá»«a táº¡i con_máº¹ mÃ y sinh ra Ä‘á»©a ngu nhÆ° mÃ y háº£ con chÃ³ cháº¿t""",ThÃ¹ ghÃ©t,ThÃ¹ ghÃ©t
71,71,"""cmt nhiá»u vl ra""",CÃ´ng kÃ­ch,CÃ´ng kÃ­ch
72,72,Ã”ng Tráº§n Dáº§n láº¡i muá»‘n vá» Viá»‡t Nam Ä‘Ã³ máº¥y báº¡n cccÄ‘ áº¡.khÃ´ng cÃ³ tiá»n vá» Viá»‡t Nam sá»‘ng thÃ¬ pháº£i chá»‹u thÃ´i chá»© vá» Viá»‡t Nam sá»‘ng vÃ  cháº¿t táº¡i quÃª cha Ä‘áº¥t máº¹ váº«n tháº¥y thanh tháº£n hÆ¡n.,BÃ¬nh thÆ°á»ng,ThÃ¹ ghÃ©t
73,73,Ná»• nhÆ° bom.,CÃ´ng kÃ­ch,CÃ´ng kÃ­ch
74,74,"""tÆ°_báº£n phÆ°Æ¡ng tÃ¢y kháº¯t_khe vá»›i dÃ¢n ná»•i_tiáº¿ng khÃ´ng tha tau vÃ¬ thÆ°Æ¡ng dÃ¢n Ä‘Ã©o pháº¡t""",CÃ´ng kÃ­ch,ThÃ¹ ghÃ©t
75,75,"""má»‡t quÃ£i lá»“n""",ThÃ¹ ghÃ©t,BÃ¬nh thÆ°á»ng
76,76,Äm láº§n Ä‘áº§u tiÃªn bá»‘ Ä‘á»‹t vÃ o mÃ y ad áº¡.,ThÃ¹ ghÃ©t,ThÃ¹ ghÃ©t
77,77,"Tháº¿ thÃ¬ má»›i kÃªu lÃ ng kÃªu nÆ°á»›c \"" á»Ÿ Ä‘Ã¢y ráº¥t lÃ  ngá»™t ngáº¡t\"".",BÃ¬nh thÆ°á»ng,CÃ´ng kÃ­ch
78,78,"""má»™ng nhi gáº¯t vl ra""",BÃ¬nh thÆ°á»ng,BÃ¬nh thÆ°á»ng
79,79,"Noi nhu vay thi ban lanh ra ho tro thien tay giÃºp dan di.hay nhu co suc thiet phuc thi manh dan dung len kiu goi quyÃªn gop di.neu k giÃºp dc thi im lang di.noi ra lam nhu gioi lam do.nhung that chat chi co cai mieng phat lac va doi tay,doi chan vo vung.song k bang con chÃ¹m.",CÃ´ng kÃ­ch,ThÃ¹ ghÃ©t
80,80,"máº¹, sao bá»™ k má»Ÿ cá»­a hÃ ng kinh doanh bÃ¡n bÃ¬nh luÃ´n cho dÃ¢n, ko láº¡i pháº¡t vÃ¬ mua pháº£i bÃ¬nh Ä‘á»ƒu :)))",ThÃ¹ ghÃ©t,CÃ´ng kÃ­ch
81,81,Thanh xuÃ¢n nhÆ° 1 cÃ¡i Ã´m,BÃ¬nh thÆ°á»ng,BÃ¬nh thÆ°á»ng
82,82,TÃ u khá»±a tÃ o lao,ThÃ¹ ghÃ©t,ThÃ¹ ghÃ©t
83,83,Do Dat bá»n CKTP nÃ³ cmt trÃ´i cáº£ cmt cá»§a anh Ä‘i rá»“i :((,BÃ¬nh thÆ°á»ng,ThÃ¹ ghÃ©t
84,84,Ai cho mÃ¬nh xin link fb tháº­t cá»§a Ã´ng Tráº§n Dáº§n vá»›i áº¡,BÃ¬nh thÆ°á»ng,BÃ¬nh thÆ°á»ng
85,85,NgPh HoÃ ng xin video báº¡n Æ¡iiiii,BÃ¬nh thÆ°á»ng,BÃ¬nh thÆ°á»ng
86,86,"Nguyá»…n Viá»‡t Nam ,  á»¦a cá»©t ğŸ•â€ğŸ¦º vÃ ng ğŸ‘ˆ má»›i biáº¿t Ä‘Ã³ nghen. ğŸ–•",CÃ´ng kÃ­ch,BÃ¬nh thÆ°á»ng
87,87,Æ¯á»›c gÃ¬ sá»± giÃ u cÃ³ tá»· lá»‡ thuáº­n vá»›i Ã½ thá»©c cá»§a Nhung.,ThÃ¹ ghÃ©t,BÃ¬nh thÆ°á»ng
88,88,Ngá»±c nhá» quÃ¡ Ä‘i,CÃ´ng kÃ­ch,BÃ¬nh thÆ°á»ng
89,89,"tháº¿ Ã´ng PA vÃ  nhá»¯ng ngÆ°á»i khÃ¡c k nháº­n lÆ°Æ¡ng tá»« nhÃ  nÆ°á»›c mÃ  váº«n Ä‘Ã¡nh Ä‘á»•i máº¡ng sá»‘ng cá»§a mÃ¬nh Ä‘Ã³, mÃ¬nh cÃ²n vá»«a nghe tin cÃ³ má»™t báº¡n Ä‘i tá»« thiá»‡n bá»‹ tai náº¡n má»›i máº¥t Ä‘Ã³, há» k nháº­n lÆ°Æ¡ng tá»« nhÃ  nÆ°á»›c nhÃ©. CÃ²n nhá»¯ng ngÆ°á»i nÃ o lÃ m nhÃ  nÆ°á»›c thÃ¬ cháº¥p nháº­n Ä‘i, Ä‘Ã³ lÃ  trÃ¡ch nhiá»‡m cá»§a há» nhÃ©, há» pháº£i lÃ m nhÃ©",BÃ¬nh thÆ°á»ng,BÃ¬nh thÆ°á»ng
90,90,Em chua yeu ai bao gio =))),BÃ¬nh thÆ°á»ng,BÃ¬nh thÆ°á»ng
91,91,"NÃ³ chá»­i CÃ´ Minh Hiáº¿u lÃ  sai, nhÆ°ng mÃ  Ä‘m tá»¥i m tháº­t sá»± ráº¥t quÃ¡ Ä‘Ã¡ng, nÃ³ cÃ³ xáº¡o hay gÃ¬ Ä‘Ã³ náº¿u ko áº£nh hÆ°á»Ÿng ai thÃ¬ viá»‡c gÃ¬ pháº£i Ä‘áº­p phÃ¡ chÃ©n cÆ¡m ngÆ°á»i khÃ¡c v, cÃ²n viá»‡c giÃ¡ 1 chai nÆ°á»›c hoa ráº» thÃ¬ tá»± tá»¥i m pháº£i nháº­n thá»©c Ä‘Æ°á»£c nÃ³ lÃ  hÃ ng loáº¡i nÃ o, náº¿u tháº¥y cháº¥p nháº­n thÃ¬ mua nÃ³ Ä‘Ã¢u ship láº¡i hay láº¥y dao ká» cá»• báº¯t bÃ¢y mua. CÃ²n Tráº§n ÄoÃ n nÃªn cÃ³ lá»i xin lÃ´i tá»›i cÃ´ MH Ä‘i, cÃ²n TÄ nÃ³ cÃ³ xáº¡o sÃ i hÃ ng fake hay tháº­t ká»‡ nÃ³, tá»¥i bÃ¢y cháº¯c gÃ¬ ko sá»‘ng áº£o cháº¯c gÃ¬ ko sÃ i hÃ ng fake nÃªn ai lÃ m gÃ¬ ká»‡ ngta táº¡o nghiá»‡p chi v.",ThÃ¹ ghÃ©t,ThÃ¹ ghÃ©t
92,92,"Ä‘cm cÃ¡i bá»n ""Animal"" ""TAND BT"" Äƒn tiá»n nÃªn má»›i xá»­ nhÆ° váº­y.",ThÃ¹ ghÃ©t,ThÃ¹ ghÃ©t
93,93,"""thÃ´i dm xin tha cho chÃº cÃ²n lÃ m pxe nuÃ´i vá»£_con Ä‘á»‹t Ä‘c cÃ¡c chÃ¡u cÃ¡i Ä‘i bÃ³c cmn gáº§n chá»¥c cuá»‘n thÃ¬ vá»£_con nhÃ  ai lo cÃ¡c chÃ¡u ná»©ng vá»›i bá»n tráº» Ä‘i tha cho chÃº""",ThÃ¹ ghÃ©t,ThÃ¹ ghÃ©t
94,94,"""lÃ  con_gÃ¡i pháº£i Ä‘ep va tráº¯ng cac chá»‹ yÃªu oi máº¥y chá»‹ oi ai mua kem hÃ´m_nay Ä‘Æ°á»£c táº·ng quÃ  nhÃ  bÃ´ng_tai máº·t_náº¡ va hop kem thÃªm bÃ© khach_tuá»³ chá»n mÃ³n quÃ  nha cac chá»‹ oi mÃ´i há»™p dc mÃ³n nha kg báº£o trÃ¢n nguyá»…n_my""",BÃ¬nh thÆ°á»ng,BÃ¬nh thÆ°á»ng
95,95,"""giÃ¡ chá»‰ lh hoáº·c gan baru thankful at giap nhi""",BÃ¬nh thÆ°á»ng,BÃ¬nh thÆ°á»ng
96,96,"""ao so_my co hong ao so my hoa bong mau vang hue lai phu ung an thi hung yen""",BÃ¬nh thÆ°á»ng,BÃ¬nh thÆ°á»ng
97,97,"CÃ¡i má» giá»‘ng cÃ¡ tai tÆ°á»£ng quÃ¡ ,,bá»Ÿi váº­y nÃ³ sáº¡o ke cai thá»© chá»­i Viá»‡t nam la kg Æ°a roi",ThÃ¹ ghÃ©t,ThÃ¹ ghÃ©t
98,98,NÃ y Tráº§n dáº§n giÃ  sáº¯p cháº¿t rá»“i nÃ³i báº­y nÃ³i lÃ¡o tuá»•i con chÃ¡u khinh thÆ°á»ng cho,ThÃ¹ ghÃ©t,ThÃ¹ ghÃ©t
99,99,CÃ¢n tháº­n nÃ³ láº¡i keu pháº£n Ä‘á»™ng :v,CÃ´ng kÃ­ch,ThÃ¹ ghÃ©t
100,100,"""vl anh""",BÃ¬nh thÆ°á»ng,BÃ¬nh thÆ°á»ng
